ts	phase	decision	why	evidence	result
2026-10-07T08:39:31Z	harness	built a ?bench page in the playground that runs fixed scenes and scripted pan, zoom, pinch and freedraw	one benchmark the user can open on real devices and the Playwright runner can drive	playground/bench/, perf-bench/run.mjs	works: smoke run done
2026-10-07T08:39:32Z	harness	dropped the 'busy' metric for the frame interval between animation frames	busy came out bigger than the frame interval (55ms vs 34ms) because the settle wait spans the next frame, so it was not a per-frame cost	perf-bench/results/*-smoke.json	frame p50, p95 and mean kept
2026-10-07T08:39:32Z	harness	measure on Chromium at 4x CPU slowdown with the frame-rate limit off, laptop 1440x900 at 2x DPR	the user cut the matrix to one engine-local check; unlocked frames make the interval track real cost instead of 16.7ms steps	perf-bench/run.mjs launch()	Firefox and WebKit only as a sanity check on final wins
2026-10-07T08:39:33Z	scope	left the draw app alone and measured Excalidraw's own gesture paths	draw's GPU layers take strokes and pan or zoom when a GPU is present, but Excalidraw's paths still run without a usable GPU, in the playground, and at every handover (pen-up, gesture end, crisp redraw)	D:/projects/draw/frontend/src/board/view/view.ts, ink/ink.ts headers	bench also reports pointer-up cost and the worst frame after each gesture
2026-10-07T09:33:03Z	harness	fixed the bench pinch: synthetic touch pointers made setPointerCapture throw, so pinch never ran	pinch frames were a flat 17.4ms on a 2000-element board, too cheap to be real	playground/bench/Bench.tsx pointer capture wrapper	pinch now zooms: mixed/pinch 42ms frames at 1x
2026-10-07T09:33:04Z	harness	switched decisions to hardware-independent counters (draw calls, canvases, elements walked, Map sets)	coordinator: box under image-generation load, timings indicative only	results/*-counters-base.json	timing confirmations queued for a quiet box or ?bench on the user's laptop
2026-10-07T09:33:05Z	gate	the full vitest suite fails 27 tests on the loaded box; the 11 failing files pass alone with and without the change	timeouts and racy assertions from load, not the change	.perf-vitest-h1.log, .perf-vitest-base.log	gate = full suite + isolated rerun of failing files on both sides
2026-10-07T09:33:05Z	h1	KEPT: compute the bitmap size before creating the canvas in generateElementCanvas	a sub-pixel element created and dropped a canvas and 2D context every frame	deep/pan canvasesCreated 49 -> 0 per frame; other deterministic counters equal; commit 9c901d9e	PR https://github.com/redaphid/excalidraw/pull/11, timing pending
2026-10-07T09:33:06Z	pr	opened the ?bench page as its own PR	user asked for it as a separate small PR so laptop numbers can come in	https://github.com/redaphid/excalidraw/pull/10	open, not merged
2026-10-07T09:53:14Z	harness	found the bench's pan and pen stroke ran before setActiveTool landed, so pan dragged a shape and the stroke dragged or box-selected	a probe in Scene.triggerUpdate showed dragSelectedElements on all 200 pan frames	probe build perf-bench/builds/probe, commit 93c19011	fixed; PR https://github.com/redaphid/excalidraw/pull/12; earlier pan/freedraw numbers void
2026-10-07T09:53:15Z	h1	re-verified #11 on a real hand-tool pan	its first proof came from the accidental drag	results/*-h1-recheck.json: deep/pan canvases 23.08 -> 0.12 per frame, drawImage equal	holds
2026-10-07T09:53:16Z	h2	memoize Renderer.getRenderableElementsMap apart from the viewport	the 2000-entry map was rebuilt on every pan, zoom and pinch frame though it depends only on the scene and the new or editing element	results/*-h2-counters-fixed.json: Map.set per frame mixed/pan 2041 -> 41, freedraw/pan 1515 -> 15, deep/pan 597 -> 15, zoom and pinch likewise; other pan counters equal	counters pass; tests running
2026-10-07T09:53:17Z	note	zoom and pinch draw-call and canvas counts are not comparable between builds	the 4ms rescale-redraw budget is time-based, so how many bitmaps get redrawn per frame depends on load	renderElement.ts withinRescaleRedrawBudget	judge zoom/pinch on Map.set and elements walked only
2026-10-07T09:59:55Z	h2	KEPT: renderable map memoized apart from the viewport	counters proved it and the 17 load-flaky test files pass alone	commit 23d30537 on PR branch	PR https://github.com/redaphid/excalidraw/pull/13, timing pending
2026-10-07T10:09:45Z	h3	KEPT: memoize the iframe-like elements list on the non-deleted array for updateEmbeddables and renderEmbeddables	two full-scene filters ran on every render and update	results/*-h3-counters.json: elements walked/frame 13056 -> 8974 (mixed pan), 4175 -> 1173 (pen move over strokes); draw calls equal	PR https://github.com/redaphid/excalidraw/pull/21, timing pending
2026-10-07T10:25:59Z	harness	added perf-bench/parity.mjs and a ?bench wait param so the static canvas can be compared across builds	two runs of one build differ until the idle bitmap builder finishes; with wait=4000 the in-frame stroke matches A/A at 0 pixels	perf-bench/parity.mjs	pan stays nondeterministic (99472 px A/A on master), so pan parity is not judged
2026-10-07T10:25:59Z	h4	proved the parity check can fail: a build that copies the cached layer 1px off	a green nobody watched go red is not evidence	results/parity: master vs h4-broken 705138 px differ at the stroke's last move	check detects
2026-10-07T10:26:00Z	h4	cache the static layer under a new element drawn inside a frame	upstream keeps that element on the static canvas for z-order, so every pen move repainted the whole board	results/*-h4-counters.json: mixed/freedraw drawImage/move 203 -> 1, elements walked 9492 -> 3190; parity master vs h4 0 px at last move and after release; results/parity-h4/*.png shows the stroke clipped at the frame edge	counters and parity pass; tests running
2026-10-07T10:33:52Z	h4	full vitest suite green with the layer cache (162/162 files)	regression gate	.perf-vitest-h4.log	green; interrogate review running
2026-10-07T10:33:53Z	h4	found a staleness hole myself: an image that finishes decoding mid-stroke only calls scene.triggerUpdate, which the key did not include	addNewImagesToImageCache fills imageCache in place then triggerUpdate; no element version changes	App.tsx addNewImagesToImageCache	to fix: put the scene nonce in the key
2026-10-07T10:33:55Z	h5	skip the interactive selection loop when nothing is selected locally or remotely	it walked every renderable element on every interactive paint to find no selection	results/*-h5-counters.json: Map.get/frame mixed/pan 3239 -> 1239, freedraw/pan 2345 -> 845, deep/pan 903 -> 316; others equal	counters pass; tests running
2026-10-07T11:03:30Z	h5	KEPT: interactive selection scan guard	counters proved it; the 2 load-flaky files pass alone	https://github.com/redaphid/excalidraw/pull/23	merged by main
2026-10-07T11:03:30Z	h4	interrogate (opus, opus, sonnet) found image/font-load staleness, frame-above dependency, full-AppState key missing every move for framed arrows and collab, unguarded capture, idle-builder pixel swaps	all three agreed on the first four	agent reports in transcript	accepted all; dismissed moving the stroke to the new-element canvas (two-canvas compositing is not byte-identical)
2026-10-07T11:03:31Z	h4	reworked: scene nonce and settled-bitmap generation in the key, static app-state projection, capture on second sight, null-safe, 0x0 release, copy-only restore, no frameId re-check	reviewer and comment-sicko findings	packages/excalidraw/renderer/newElementUnderlay.ts; tests/newElementUnderlay.test.tsx (6 tests, scene-change test goes red without the config key)	drawImage/move 203 -> 8.6; parity 0 px vs master at last move and after release
2026-10-07T11:03:31Z	h4	KEPT: in-frame stroke underlay	counters, parity and tests pass	https://github.com/redaphid/excalidraw/pull/24	open; timing pending
2026-10-07T12:42:27Z	h6	KEPT: renderer memos keyed on their real dependencies so a framed stroke stops rebuilding the map and re-culling	canvasNonce folds in the stroke's version, so both memos missed every move	results/*-h6c-counters.json: Map.set/move 2040 -> 25; renderableElements.test.tsx goes red on master	PR https://github.com/redaphid/excalidraw/pull/26
2026-10-07T12:42:27Z	bug	fixed master: static scene left a frame clip on the context when an element failed to draw	third #24 reviewer found it; restore was not in a finally	tests/staticSceneFailures.test.tsx fails on master with the 200x200 clip	PR https://github.com/redaphid/excalidraw/pull/27
2026-10-07T12:42:28Z	harness	parity harness: per-scenario pages, reseed per scenario, composite of static + new-element canvas, static-repaint counting per step, --expect-split, --engine webkit, 2s settle before the final capture, diff heat maps	A/A was not exact when gestures shared a page under load or created shapes with random seeds	perf-bench/parity.mjs, perf-bench/diffmap.mjs; A/A on master 0 px on all 11 parity scenarios	deterministic
2026-10-07T12:42:28Z	h4	#24 design parity vs master: 0 px on freedraw, rectangle, theme, late image, stroke color, background, pause, collaborator, arrow (chromium) and 4 scenarios on webkit; split confirmed; static repaints 1-5 of 240 moves vs master 160-233	coordinator asked for parity with invalidators mid-stroke	perf-bench/results/parity-u2/	pass
2026-10-07T12:42:29Z	h4	resize event 2 moves before capture differs by 25528 px on freedraw scribbles only, persisting after a 2s settle; zoom mid-stroke difference vanished after settle	the idle builder never triggers a render, so which rendering (direct vs settled bitmap) is on screen depends on idle time; cheap frames give idle time	results/diff-resize.png, results/diff-zoom.png	AA-level difference between two master renderings, not stale content
2026-10-07T12:42:29Z	h4	mutant without the scene nonce fails only the late-image scenario (96793 px at the image)	other key fields catch stroke color (element identity/version) and theme/background (app state)	build u2-nononce	the image scenario guards the scene nonce
2026-10-07T13:06:19Z	h8	KEPT: idle builder skips the element being drawn	every pause in an in-frame stroke built a screen-wide bitmap the next point discarded	directDraw test fails without the skip	PR https://github.com/redaphid/excalidraw/pull/32
2026-10-07T13:06:20Z	harness	parity gestures and split check shipped	reviewers' checklist	https://github.com/redaphid/excalidraw/pull/33	open
2026-10-07T13:06:20Z	h7	sampled array iteration call sites on a pan: cubic curve bounds (340 calls/frame), frame clip segments, visibleBitmapRect arrays, first-sight hachure	find the next per-frame O(visible) waste after the O(n) passes were gone	perf-bench/callsites.mjs --depth --match	ranked
2026-10-07T13:06:21Z	h7	KEPT: getElementAbsoluteCoords cached per element version for freedraw and linear (no bound text)	both render paths ask for uncached curve/point bounds every frame	results/*-abs-counters.json: walked/frame pan 8933 -> 7180, zoom 20313 -> 16700; bounds tests fail on a version-blind cache; renderOverrides test updated to assert the guarded property	PR https://github.com/redaphid/excalidraw/pull/34
2026-10-07T13:06:21Z	h7	caught my own bug: undefined === undefined made the cache hit with no entry for version-less test elements	existing curved-line bounds test threw	bounds.ts cachedCoords guard	fixed before PR
2026-10-07T13:14:09Z	h9	KEPT: isElementIntersectingFrame cached per element version, frame and frame version (bound text excluded)	frame clip test rebuilt element segments every frame	results/*-fic-counters.json: walked/frame pan 8902 -> 6110, zoom 19229 -> 12398; tests fail on a version-blind cache; full suite 165/165	PR https://github.com/redaphid/excalidraw/pull/35
2026-10-07T13:19:44Z	h10	KEPT: visibleBitmapRect as scalars, no arrays	about 10 arrays allocated per blit, ~200 blits per pan frame	results/*-blit-counters.json: walked/pan frame 8902 -> 6448, 4874 -> 3105, 2237 -> 978; full suite 164/164	PR https://github.com/redaphid/excalidraw/pull/36
2026-10-07T18:36:27Z	h4	coordinator chose design E over #24; squashed E, kept the settle-repaint commit on top, rebased on master, dropped #26's newElementInViewport key, aligned #26's tests	E: 0 drawImage per framed move, no bitmap; parity d1 or better except freedraw settled-bitmap case	https://github.com/redaphid/excalidraw/pull/41 (0143bf42)	open; #24 left open for main to close
2026-10-07T18:36:27Z	harness	parity capture missed the overlay's last paint; added 2 frames + 2 tasks before the stop capture	false diffs on rectangle/arrow for any overlay design, also E vs E	https://github.com/redaphid/excalidraw/pull/40	rectangle 14949 -> 0 px, arrow 1394 -> 0
2026-10-07T18:36:27Z	harness	one chromium parity run gave 38094 px on the pen stroke incl. final; rerun 0; #35 isolated at 0 px	same signature as an earlier master-vs-master flake under load	results/parity-35, results/parity-etip	harness flake under load, not a pixel change
2026-10-07T18:36:28Z	followup	#35 nonce follow-up: pushed back; identity covers the collab case; in-place same-version edits stay stale in upstream's version-only shape cache	nonce on #35 alone could not fix what it targeted (test still failed)	https://github.com/redaphid/excalidraw/pull/39 (test only)	coordinator agreed
2026-10-07T18:36:28Z	issue	filed framed arrow/line repaint	LinearElementEditor.movePoints informs the scene every move	https://github.com/redaphid/excalidraw/issues/42	open
2026-10-07T18:40:40Z	harness	audit: stopped the first A/A run at 4x CPU after 25 minutes with no page finished	one 11-gesture page at 4x took over 15 minutes; switched to 1x counters and --only per hypothesis	perf-bench/aa-4x.txt (removed); PERF_PROGRESS.md 08:40	superseded by counters
2026-10-07T18:40:40Z	h4	audit: delegated design E (split overlay) to an opus prototype agent in its own worktree while I built the parity gestures	two reviewers proposed it; the coordinator's rule was to prototype E and ship whichever wins	D:/projects/_wt/excalidraw-perf-e/SPLIT_NOTES.md	E won; shipped as #41
2026-10-07T18:40:41Z	harness	callsites.mjs --depth and --match, raising Error.stackTraceLimit	four frames stopped short of the caller that mattered	https://github.com/redaphid/excalidraw/pull/43	open
2026-10-07T18:40:42Z	wrap	kept the last underlay rework on perf/underlay-final and reset the lab branch to master plus this log	the lab's experimental commits were merged or superseded	origin/perf/underlay-final d077c1d4	lab = master + decision log
2026-10-07T18:40:42Z	stop	stopped the loop: remaining costs are first-sight shape generation, the O(n) cull, arrow repaints (#42), the unbudgeted crisp redraw and the live stroke outline	each needs a design change, not a cache or a guard	callsites sample on master 1894dc7e	hill climbed for counter-provable wins
2026-10-07T18:58:37Z	review	cross-model review (sonnet) of the trail: void #11 figure, #41 parity overstated, #34 test vacuity, pngdiff false-red, gate relaxed, local evidence	show-me-your-work requires a different-family review before handing back	subagent report in transcript	acted on #11 body, #41 body and tests; rest listed open
2026-10-07T18:58:37Z	h4	added split order tests to #41 (embeds last, no split outside a frame); ordering test fails when the split leaves embeds in place	reviewer: overlay z-order for embeds and flowchart nodes was untested	#41 at c2a2fb6b	pushed
2026-10-07T18:58:38Z	wrap	wound down on the user's word	coordinator relayed: no new hypotheses	PERF_PROGRESS.md open list	open: #41 review, #42, #40, #43, #34 test vacuity, pngdiff byte shortcut, cumulative table, frame timings on a quiet box
